Clade,Species,Specimen,MiL,JL,SCm,SCL
Bothremydidae,Cearachelys_placidoi,BSP-1976-I-160,NA,31.9,42.9,219.4
Carettochelyidae,Carettochelys_insculpta,SDZ-sn,NA,43.3,57,253.3
Carettochelyidae,Carettochelys_insculpta,CRI-14,NA,64.5,84.8,485.3
Carettochelyidae,Carettochelys_insculpta,SMF-56626,NA,75.8,86.3,472.4
Chelidae,Chelodina_colliei,CRI-4632,NA,48.2,54.4,274
Chelidae,Chelodina_expansa,SMF-67838,NA,43.6,45.9,256
Chelidae,Chelodina_expansa,QM-J-84101,NA,49.3,52,355.6
Chelidae,Chelodina_longicollis,USNM-61091,NA,NA,26.9,200.7
Chelidae,Chelodina_parkeri,USNM-231524,NA,42,46.7,250.7
Chelidae,Chelus_fimbriatus,MNHN-1897-67,39.7,56.8,63.5,NA
Chelidae,Chelus_fimbriatus,SMFR-71596,NA,NA,58.7,343.1
Chelidae,Chelus_fimbriatus,AMNH-70638,40.5,57.7,65.3,436.9
Chelidae,Chelus_fimbriatus,SMF-37146,NA,71.9,73.8,376.7
Chelidae,Chelus_fimbriatus,MPEG-0483,NA,NA,76.3,394.9
Chelidae,Chelus_fimbriatus,SMF-37178,NA,63.64,65.5,348
Chelidae,Elseya_dentata,QM-J-59279,26.3,34.2,41.3,353.2
Chelidae,Elseya_latisternum,CRI-6573,35.2,43,51.8,289.3
Chelidae,Emydura_macquarii,BMNH-26.8.26.5,26.6,32.4,42.2,NA
Chelidae,Elseya_lavarockum,QM-J-46284,40.2,48.2,61.1,358.2
Chelidae,Elseya_novagineae,USNM-313654,24.6,29.7,34.4,238
Chelidae,Emydura_macquarii,QM-J-61586,27.2,33.7,39.4,322
Chelidae,Emydura_subglobosa,USNM-231536,NA,NA,30.6,221.4
Chelidae,Hydromedusa_tectifera,AMNH-133629,NA,24.5,27.1,148.6
Chelidae,Hydromedusa_tectifera,SMF-70500,NA,29,31.1,170
Chelidae,Hydromedusa_tectifera,MACN-30461,NA,NA,37.8,196.8
Chelidae,Hydromedusa_tectifera,DGM-37-RR,NA,44.8,49.6,289.1
Chelidae,Mesoclemmys_nasuta,BMNH-1936.7.5.1,37.9,41.9,49.8,NA
Chelidae,Mesoclemmys_dahli,FMNH-82302,NA,NA,41.6,192.5
Chelidae,Mesoclemmys_hogei,MNRJ-RRS-001,NA,NA,28.1,208.2
Chelidae,Phrynops_geoffroanus,BMNH-91.3.16.1,46.8,58.1,79,NA
Chelidae,Phrynops_geoffroanus,MPEG-0478,NA,23.7,28.4,149.2
Chelidae,Phrynops_geoffroanus,AMNH-79048,NA,38.2,44.4,369.6
Chelidae,Phrynops_williamsi,BMNH-1884.2.5.3,NA,28.3,31.9,NA
Chelidae,Phrynops_geoffroanus,SMF-45471,NA,46.5,53.6,381
Chelidae,Phrynops_hilarii,FMNH-22481,NA,36,43.5,293.5
Chelidae,Phrynops_hilarii,SMF-45470,NA,41.7,49,310.6
Chelidae,Phrynops_hilarii,SMF-8010,NA,50.8,61.6,373.3
Chelidae,Rheodytes_leukops,QM-J-85198,NA,32.7,36.3,289.8
Chelidae,Rhinemys_rufipes,INPA-H-10288,NA,37,43.4,266.2
Cheloniidae,Caretta_caretta,AMNH-129869,NA,115.8,137,635
Cheloniidae,Caretta_caretta,ZMB-46511,NA,172.6,255.4,NA
Cheloniidae,Caretta_caretta,SMF-33080,NA,145,155,699
Cheloniidae,Caretta_caretta,SMF-7913,124,146,159,769
Cheloniidae,Chelonia_mydas,MPEG-0513,NA,99,107.9,NA
Cheloniidae,Chelonia_mydas,ZMB-46557,NA,117.1,138.1,NA
Cheloniidae,Chelonia_mydas,MLP-R-5859,NA,50,61.8,367.9
Cheloniidae,Chelonia_mydas,AMNH-5912,NA,99.3,121,696
Cheloniidae,Eretmochelys_imbricata,ZMB-53493,NA,53.5,66.1,NA
Cheloniidae,Eretmochelys_imbricata,ZMB-46556,NA,128,160.4,NA
Cheloniidae,Lepidochelys_olivaceae,SMF-51663,NA,115.7,123.1,674
Cheloniidae,Lepidochelys_olivaceae,SMF-7910,NA,110,120,620
Cheloniidae,Caretta_caretta,SMF-55471,NA,187,203,NA
Cheloniidae,Eretmochelys_imbricata,SMF-37033,NA,NA,NA,724
Cheloniidae,Chelonia_mydas,Vg-59-3,NA,NA,NA,941
Cheloniidae,Chelonia_mydas,SMF-99718,NA,NA,NA,814
Cheloniidae,Chelonia_mydas,SMF-76016,NA,NA,NA,978
Cheloniidae,Chelonia_mydas,SMF-33020,NA,NA,NA,1178
Cheloniidae,Eretmochelys_imbricata,SMF-41323,NA,131,138,829
Cheloniidae,Chelonia_mydas,SMF-7867,NA,NA,NA,1129
Cheloniidae,Caretta_caretta,SMF-36169,117,140,149,NA
Cheloniidae,Chelonia_mydas,SMF-33019,117,138,146,NA
Cheloniidae,Eretmochelys_imbricata,SMF-99231,101,120,131,NA
Cheloniidae,Eretmochelys_imbricata,SMF-33032,116,135,151,NA
Cheloniidae,Eretmochelys_imbricata,SMF-7886,NA,134,149,772
Chelydridae,Chelydra_serpentina,USNM-246935,36.3,51.2,54.6,249.5
Chelydridae,Chelydra_serpentina,SMF-32906,74.23,85.03,96.94,399
Chelydridae,Macrochelys_temminckii,SMF-71886,115.9,149.9,179,NA
Chelydridae,Macrochelys_temminckii,USNM-266207,NA,127.7,187.1,NA
Chelydridae,Macrochelys_temminckii,FMNH-215473,NA,156.9,208,NA
Chelydridae,Macrochelys_temminckii,SMF-7432,NA,131,159,559.6
Chelydridae,Macrochelys_temminckii,SMF-32851,NA,151,182,690
Chelydridae,Macrochelys_temminckii,SMF-71886,129,159,171,NA
Chelydridae,Macrochelys_temminckii,SMF-33097,122,142,163,NA
Chelydridae,Chelydra_serpentina,SMF-32847,40.3,48.3,53.7,NA
Chelydridae,Chelydra_serpentina,SMF-32848,54.3,65.2,69.9,NA
Chelydridae,Chelydra_serpentina,SMF-32849,35.9,43.5,55.8,NA
Chelydridae,Chelydra_serpentina,SMF-7430,41.2,48.4,51.8,219
Chelydridae,Chelydra_serpentina,SMF-32844,54,63.1,69.6,320
Chelydridae,Chelydra_serpentina,SMF-7431,41.3,49.2,52.9,235
Chelydridae,Chelydra_serpentina,SMF-32845,42.4,51,54.9,244
Dermatemydidae,Dermatemys_mawii,SMF-59462,NA,37.2,44.9,355.4
Dermatemydidae,Dermatemys_mawii,USNM-66669,NA,NA,50,576.5
Dermatemydidae,Dermatemys_mawii,SMF-59463,NA,39,50.1,348
Dermatemydidae,Dermatemys_mawii,FMNH-98950,NA,NA,59.2,517.5
Dermatemydidae,Dermatemys_mawii,USNM-66666,NA,44.3,NA,482.8
Dermatemydidae,Dermatemys_mawii,SMF-59462,29.9,36.6,46.7,347
Dermochelyidae,Dermochelys_coriacea,SMF-59455,NA,158,171,NA
Dermochelyidae,Dermochelys_coriacea,SMF-67994,NA,174,198,NA
Dermochelyidae,Dermochelys_coriacea,MNHN-Pal-1870-101,NA,157.7,206.1,NA
Emydidae,Chrysemys_picta,AMNH-75250,NA,15.8,19.3,144.2
Emydidae,Chrysemys_picta,FMNH-22224,NA,18.2,20.6,151.6
Emydidae,Clemmys_guttata,UCMP-124966,NA,NA,15.5,109.3
Emydidae,Deirochelys_reticulata,USNM-80965,NA,NA,40.2,213.9
Emydidae,Emys_blandingii,USNM-220869,NA,37,40.4,215.2
Emydidae,Emys_marmorata,FMNH-22075,NA,NA,25.7,132.2
Emydidae,Emys_orbicularis,SMF-68814,NA,22.4,24.8,141.4
Emydidae,Emys_orbicularis,MNHN-Pal-s-n,NA,24.6,28.5,151.1
Emydidae,Glyptemys_insculpta,UCMVZ-95946,NA,NA,31.7,138.8
Emydidae,Glyptemys_insculpta,SDZ-2078,NA,NA,38.3,209.2
Emydidae,Graptemys_oculifera,SMF-72297,NA,16.2,18,116.1
Emydidae,Graptemys_pseudogeographica,UCMP-117506,NA,NA,29.1,183.8
Emydidae,Graptemys_pseudogeographica,USNM-24695,20.8,26.6,29.3,178.8
Emydidae,Malaclemys_centrata,SMF-36419,NA,33.5,36.7,176
Emydidae,Pseudemys_nelsoni,UCMP-124970,NA,24.9,29.7,NA
Emydidae,Pseudemys_ornata,SMF-7498,NA,35.3,38.7,291
Emydidae,Terrapene_carolina,USNM-84452,NA,NA,30.4,168.2
Emydidae,Trachemys_scripta,AMNH-129309,NA,26.6,31.7,NA
Emydidae,Trachemys_scripta,UCMP-138016,24,28.8,31.8,NA
Emydidae,Trachemys_scripta,AMNH-94558,NA,31.7,32,264.9
Emydidae,Pseudemys_ornata,SMF-7497,27.2,31.7,35.7,299
Emydidae,Cyclemys_dentata,SMF-74909,19.2,22.4,NA,177
Emydidae,Pseudemys_nelsoni,SMF-58703,24,30.7,35.9,335
Emydidae,Emys_orbicularis,SMF-69737,21.2,26,27.9,178
Emydidae,Malaclemys_centrata,SMF-33349,NA,30.8,33.5,164
Emydidae,Emys_blandingii,SMF-70502,26.8,32.8,33.2,194
Emydidae,Emys_blandingii,SMF-66314,28.6,34.4,34.7,206
Emydidae,Emys_orbicularis,SMF-34471,18.7,24.3,26.5,167
Emydidae,Terrapene_carolina,SMF-74015,16.9,22.1,23.9,147
Emydidae,Terrapene_carolina,SMF-29974,19.6,25.2,26.4,157
Emydidae,Graptemys_geographica,SMF-7499,30.4,38,43.2,NA
Emydidae,Emys_orbicularis,SMF-7605,NA,25.9,27.3,166
Emydidae,Emys_blandingii,SMF-41087,26.5,33.8,34.1,210
Emydidae,Emys_blandingii,SMF-41056,25.6,32.1,33,NA
Emydidae,Clemmys_japonica,SMF-35697,18,22.5,24.9,159
Emydidae,Clemmys_leprosa,SMF-47824,20.7,25.5,30.3,193
Geoemydidae,Batagur_baska,RH-1014,NA,44,52,NA
Geoemydidae,Batagur_baska,SMF-7459,NA,56.1,71,440
Geoemydidae,Batagur_baska,USNM-226381,NA,70,79.2,581.9
Geoemydidae,Batagur_borneonsis,SMF-7454,NA,43.6,53.3,332
Geoemydidae,Callagur_borneoensis,USNM-38077,NA,35.2,43.3,293.2
Geoemydidae,Cuora_amboinensis,MNHN-AC-1889-182,NA,24.2,28.8,204.2
Geoemydidae,Cyclemys_mouhotii,SMF-71599,NA,24.9,28.7,139
Geoemydidae,Geoclemy_hamiltonii,CRI-487,NA,37.7,49.5,259.9
Geoemydidae,Geoemyda_spinosa,SMF-70442,NA,18.6,21.2,137
Geoemydidae,Heosemys_spinosa,SDZ-1385,NA,39.9,43.9,NA
Geoemydidae,Hardella_thurgii,SMF-62898,19.4,NA,30,183
Geoemydidae,Heosemys_spinosa,USNM-70836,NA,27,31.6,230.2
Geoemydidae,Malayemys_subtrijuga,RH-143,NA,32.9,41.4,NA
Geoemydidae,Malayemys_subtrijuga,PCHP-2760,NA,40.8,54.9,221.4
Geoemydidae,Malayemys_subtrijuga,PCHP-3442,NA,42.9,56.1,205.6
Geoemydidae,Malayemys_subtrijuga,PCHP-3446,NA,39.9,56.1,197.5
Geoemydidae,Mauremys_caspica,USNM-167562,NA,21.3,27.7,173.2
Geoemydidae,Mauremys_reevesii,AC-MNHN-1911-96,NA,18.8,22.3,120.7
Geoemydidae,Mauremys_reevesii,IVPP-862,NA,26.2,32.3,181.4
Geoemydidae,Mauremys_reevesii,CRI-6148,NA,33.1,44,170.6
Geoemydidae,Orlitia_borneensis,RH-871,NA,51.9,59.4,NA
Geoemydidae,Morenia_ocellata,USNM-129254,NA,22.7,28.8,214.5
Geoemydidae,Orlitia_borneensis,SMF-32962,66,76.15,92.6,658
Geoemydidae,Orlitia_borneensis,SMF-67575,NA,82.7,103.1,640.4
Geoemydidae,Siebenrockiella_crassicollis,RH-37,NA,23.2,26.1,NA
Geoemydidae,Rhinoclemmys_punctularia,USNM-65108,NA,NA,23.7,148.9
Geoemydidae,Sacalia_bealei,MNHN-1988-7055,NA,19.7,20.9,119.8
Geoemydidae,Rhinoclemmys_punctularia,SMF-70499,18.4,23.2,26.5,190
Geoemydidae,Pangshura_tecta,SMF-62900,19.2,22.6,27.9,198
Geoemydidae,Notochelys_platynota,SMF-69124,22.3,25.6,31.8,227
Geoemydidae,Cuora_amboinensis,SMF-73542,17.5,21.8,24.6,175
Geoemydidae,Cuora_amboinensis,SMF-32973,NA,23,27.6,184
Geoemydidae,Mauremys_leprosa,SMF-70501,19.4,23.8,26.8,188
Geoemydidae,Rhinoclemmys__manni,SMF-70503,16.7,20.9,22.7,170
Geoemydidae,Rhinoclemmys_annulata,SMF-72372,NA,19.5,22.6,162
Geoemydidae,Calagur_sp,SMF-33011,50.2,58.6,70.3,NA
Geoemydidae,Cuora_amboinensis,SMF-32974,NA,20.5,25.1,197
Geoemydidae,Cuora_mouhotii,SMF-72424,20.5,25.7,32.3,153
Geoemydidae,Cuora_flavomarginata,SMF-70506,18,23.1,25.6,148
Kinosternidae,Kinosternon_baurii,USNM-86513,NA,19,23.3,103.4
Kinosternidae,Kinosternon_flavescens,AMNH-69761,NA,19.1,21.4,94.7
Kinosternidae,Kinosternon_flavescens,AMNH-73826,NA,21.5,23.7,118.2
Kinosternidae,Kinosternon_scorpioides,ÛSNM-222456,NA,23.3,28.6,NA
Kinosternidae,Kinosternon_flavescens,USNM-100554,NA,26.4,28.9,123.2
Kinosternidae,Kinosternon_leucostomum,MNHN-1911-309,NA,18.2,23.5,129.2
Kinosternidae,Kinosternon_scorpioides,SMF-71893,NA,18.9,23.2,137
Kinosternidae,Kinosternon_sonoriense,USNM-17018,NA,19.7,23,136.5
Kinosternidae,Staurotypus_triporcatus,MNHN-1991-4543,NA,71.9,95.6,NA
Kinosternidae,Staurotypus_triporcatus,USNM-51073,NA,78.7,NA,388.4
Kinosternidae,Sternotherus_odoratus_,AMNH-69751,NA,19.6,25.5,NA
Kinosternidae,Sternotherus_carinatus,USNM-59959,NA,24.8,34.9,134.5
Kinosternidae,Sternotherus_depressus,USNM-247993,NA,20.5,27.4,107.3
Kinosternidae,Sternotherus_minor,USNM-167534,NA,21.1,28.6,92.8
Kinosternidae,Sternotherus_odoratus_,FMNH-211687,NA,18.4,23.5,81.9
Kinosternidae,Sternotherus_odoratus_,USNM-35422,NA,17.7,25.2,104.7
Kinosternidae,Staurotypus_triporcatus,SMF-99261,57.1,71.9,91.4,NA
Kinosternidae,Kinosternon_scorpioides,SMF-55801,17.5,22.7,27,169
Kinosternidae,Sternotherus_odoratus_,SMF-33698,14.3,19.1,25.4,110
Kinosternidae,Sternotherus_carinatus,SMF-33699,NA,NA,19,104
Kinosternidae,Kinosternon_leucostomum,SMF-7449,12.9,16.6,20.9,121
Kinosternidae,Claudius_angustatus,SMF-103220,NA,24.4,29.8,111
Kinosternidae,Claudius_angustatus,SMF-62725,24.8,30.7,34.2,128
Pelomedusidae,Pelomedusa_subrufa,USNM-279862,12.2,16,18,106.5
Pelomedusidae,Pelomedusa_subrufa,BMNH-87.3.11.10,14.4,19.2,23.9,145.3
Pelomedusidae,Pelomedusa_subrufa,AMNH-131262,16.2,22.3,26,143
Pelomedusidae,Pelomedusa_subrufa,SMF-70504,NA,22.6,27.3,187
Pelomedusidae,Pelomedusa_subrufa,SMF-7953,21.1,27.1,29.1,174
Pelomedusidae,Pelomedusa_subrufa,USNM-85021,25.5,33.8,36.2,196.4
Pelomedusidae,Pelomedusa_subrufa,USNM-40248,NA,NA,36.3,193.8
Pelomedusidae,Pelusios_bechuanicus,BMNH-1980,15.8,27.9,35.8,171.2
Pelomedusidae,Pelusios_castaneus,SMF-33050,NA,NA,27.8,176.6
Pelomedusidae,Pelusios_castanoides,BMNH-1911.4.7.2,18,24.4,29.6,200.3
Pelomedusidae,Pelusios_gabonensis,BMNH-1912.6.27.40,28.2,37.9,50.2,231
Pelomedusidae,Pelusios_niger,MNHN-1985.332,16.4,22.8,32.2,234.2
Pelomedusidae,Pelusios_sinuatus,SMF-33053,NA,47.3,50.8,338.3
Pelomedusidae,Pelusios_subniger,USNM-220896,NA,NA,25.6,120.3
Pelomedusidae,Pelusios_sinuatus,SMF-33052,43.9,51.5,63.2,357
Pelomedusidae,Pelomedusa_galeata,SMF-96001,NA,23.5,27.4,178
Pelomedusidae,Pelusios_castaneus,SMF-33050,20.46,24.5,28.9,193
Pelomedusidae,Pelusios_castanoides,SMF-74142,19.7,24.5,29.3,160
Pelomedusidae,Pelomedusa_subrufa_geliafri,SMF-33054,19,23.4,28.9,175
Pelomedusidae,Pelomedusa_subrufa_subrufa,SMF-7952,NA,21.3,26.6,161
Pelomedusidae,Pelusios_niger,SMF-33669,29.1,35.9,44.5,NA
Platysternidae,Platysternon_megacephalum,FMNH-51627,NA,36.3,47.2,157.7
Platysternidae,Platysternon_megacephalum,SMF-69684,NA,45,53.6,179
Platysternidae,Platysternon_megacephalum,MNHN-s-n,NA,38.5,54.1,149.7
Platysternidae,Platysternon_megacephalum,SMF-40213,22.3,28,33,123
Platysternidae,Platysternon_megacephalum,SMF-69774,22.6,29.8,33.7,126
Podocnemididae,Erymnochelys_madagascariensis,SMF-7979,38.9,49.1,58.8,NA
Podocnemididae,Erymnochelys_madagascariensis,BSZ_843-20,31.87,41.4,46,278.14
Podocnemididae,Erymnochelys_madagascariensis,SMF-33056,NA,NA,55.4,314
Podocnemididae,Erymnochelys_madagascariensis,NMW_139,11.1,NA,NA,84.99
Podocnemididae,Erymnochelys_madagascariensis,SMF-7979,NA,NA,NA,340
Podocnemididae,Peltocephalus_dumerilianus,SMF-40169,51.05,60.5,66.79,NA
Podocnemididae,Peltocephalus_dumerilianus,SMF-40169,44.2,53.4,72.1,NA
Podocnemididae,Peltocephalus_dumerilianus,SMF-40168,54.1,67.6,74.5,NA
Podocnemididae,Peltocephalus_dumerilianus,MPEG_0306,49,60.9,77.7,NA
Podocnemididae,Peltocephalus_dumerilianus,SMF-40170,56.63,66.3,77.87,NA
Podocnemididae,Peltocephalus_dumerilianus,MCZ-93077,63.9,78.8,106,NA
Podocnemididae,Peltocephalus_dumerilianus,INPA-H_22885,41.65,51,57.9,282.25
Podocnemididae,Peltocephalus_dumerilianus,AMNH_131886,54.11,67.6,81.6,397.74
Podocnemididae,Peltocephalus_dumerilianus,SMF-65408,62.84,72.13,88,410
Podocnemididae,Peltocephalus_dumerilianus,SMF-32954,72.07,87.1,NA,NA
Podocnemididae,Peltocephalus_dumerilianus,ICN_7324,55.2,NA,NA,352.38
Podocnemididae,Peltocephalus_dumerilianus,CRI_3344,68.95,NA,NA,398.28
Podocnemididae,Peltocephalus_dumerilianus,CRI_3295,26.9,NA,NA,203.35
Podocnemididae,Podocnemis_expansa,BMNH-7.4.29,40.2,49.5,60.3,NA
Podocnemididae,Podocnemis_expansa,MPEG-0292,51.1,66.7,77.6,NA
Podocnemididae,Podocnemis_expansa,MPEG-0477,55.1,69.4,81.6,NA
Podocnemididae,Podocnemis_expansa,SMF-106229,61.4,75.1,84.9,NA
Podocnemididae,Podocnemis_expansa,SMF-32922,57.2,72.3,85.1,NA
Podocnemididae,Podocnemis_expansa,SMF-32919,60.01,74.4,88.76,NA
Podocnemididae,Podocnemis_expansa,SMF-32930,NA,79.19,90.1,NA
Podocnemididae,Podocnemis_expansa,AMNH-91853,65.8,81.6,102.7,NA
Podocnemididae,Podocnemis_expansa,BMNH-204,79.2,98,123.7,NA
Podocnemididae,Podocnemis_erythrocephala,INPA-H_10268,22.59,NA,NA,229.33
Podocnemididae,Podocnemis_expansa,SMF-7976,48.91,66.52,72.21,554
Podocnemididae,Podocnemis_sextuberculata,BMNH-1947.3.5.83,23.9,29.7,39.1,NA
Podocnemididae,Podocnemis_expansa,SMF-40637,58.1,71.2,85.6,604
Podocnemididae,Podocnemis_expansa,NMW_35550,48.04,NA,NA,518.17
Podocnemididae,Podocnemis_lewyana,ICN_5769,29.83,NA,NA,348.05
Podocnemididae,Podocnemis_sextuberculata,DGM-198,NA,NA,26.7,169.9
Podocnemididae,Podocnemis_sextuberculata,INPA-H-8934,NA,NA,40.8,284.8
Podocnemididae,Podocnemis_sextuberculata,INPA-H_8930,28.16,36.2,43.8,279.87
Podocnemididae,Podocnemis_unifilis,SMF-32914,38.14,47.7,52,NA
Podocnemididae,Podocnemis_unifilis,SMF-32912,35.5,46.6,54.7,NA
Podocnemididae,Podocnemis_unifilis,SMF-32915,39.23,47.8,57,NA
Podocnemididae,Podocnemis_sextuberculata,USNM_065111,22.02,NA,NA,217.41
Podocnemididae,Podocnemis_unifilis,SMF-32913,46,51.1,58.3,NA
Podocnemididae,Podocnemis_sextuberculata,USNM_065110,22.17,NA,NA,226.55
Podocnemididae,Podocnemis_unifilis,MPEG_0168,15.38,19.5,23.2,117.53
Podocnemididae,Podocnemis_unifilis,SMF-55472,30.7,38.7,43.6,293
Podocnemididae,Podocnemis_unifilis,INPA-H_8942,36.97,47.6,57.5,412.93
Podocnemididae,Podocnemis_unifilis,MTKD_45847,29.54,NA,NA,298.07
Podocnemididae,Podocnemis_unifilis,CRI_11120,41.59,NA,NA,459.58
Podocnemididae,Podocnemis_unifilis,MTKD_43353,30.05,NA,NA,287.74
Podocnemididae,Podocnemis_vogli,SMF-65397,22.36,28.8,34,209
Podocnemididae,Podocnemis_vogli,SMF-52790,26.6,32.2,38.1,272
Podocnemididae,Podocnemis_vogli,SMF-65406,31.2,37.8,40.7,282
Podocnemididae,Podocnemis_vogli,USNM_266206,33.5,44.3,52.6,379.26
Podocnemididae,Podocnemis_vogli,UF_39060,21.96,NA,NA,222.16
Podocnemididae,Podocnemis_vogli,SMF-65398,NA,27.1,31.3,190
Podocnemididae,Stupendemys_geographicus,VPPLT-1337,NA,NA,190,862
Podocnemididae,Podocnemis_vogli,SMF-65397,NA,29.4,32.3,214
Podocnemididae,Podocnemis_vogli,SMF-65400,NA,26.7,28.7,186
Podocnemididae,Podocnemis_vogli,SMF-65405,NA,23.3,26.1,161
Podocnemididae,Podocnemis_vogli,SMF-65402,NA,23.3,27.3,163
Podocnemididae,Podocnemis_vogli,SMF-65399,NA,22.8,26.3,153
Podocnemididae,Podocnemis_vogli,SMF-65401,NA,25.3,28.7,185
Podocnemididae,Podocnemis_vogli,SMF-65404,NA,23.6,26,162
Podocnemididae,Podocnemis_vogli,SMF-65403,NA,23.8,26.8,168
Podocnemididae,Podocnemis_expansa,SMF-70526,28.1,34.3,41.3,284
Podocnemididae,Podocnemis_expansa,SMF-33667,62,76.4,91.6,NA
Podocnemididae,Podocnemis_expansa,SMF-32950,62,75.2,85.3,NA
Podocnemididae,Podocnemis_expansa,SMF-32942,68.3,86.1,95.6,NA
Testudinidae,Chelonoidis_carbonaria,MPEG-0327,NA,42.4,50.4,NA
Testudinidae,Chelonoidis_denticulata,USNM-73932,NA,45.4,60.9,449.1
Testudinidae,Chersina_angulata,USNM-63018,NA,NA,23.8,187.6
Testudinidae,Geochelone_radiata,USNM-167657,NA,NA,51.4,370.3
Testudinidae,Gopherus_agassizii,USNM-222094,NA,35.4,42.4,271.8
Testudinidae,Gopherus_flavomarginatus,USNM-51357,NA,43.4,61.5,397.9
Testudinidae,Gopherus_polyphemus,AMNH-73053,NA,33.1,40.8,260.8
Testudinidae,Gopherus_polyphemus,USNM-167526,NA,40.1,49.6,305.3
Testudinidae,Homopus_areolatus,USNM-39420,NA,NA,19.6,92.2
Testudinidae,Kinixys_belliana,USNM-222517,NA,28.8,37.6,219
Testudinidae,Kinixys_erosa,USNM-109687,NA,33.2,39.4,256.3
Testudinidae,Kinixys_homeana,USNM-109685,NA,NA,31.4,238.9
Testudinidae,Malacochersus_tornieri,USNM-72539,NA,NA,29.4,146
Testudinidae,Testudo_gigantea,SMF-70676,67,93.35,108.3,NA
Testudinidae,Testudo_emys,SMF-67346,49.2,57.9,67.7,493
Testudinidae,Testudo_emys,SMF-67587,NA,NA,NA,545
Testudinidae,Testudo_forstenii,SMF-73267,NA,23.1,26.7,190
Testudinidae,Testudo_graeca,USNM-76506,NA,22.8,30.8,200.2
Testudinidae,Testudo_graeca_iberica,SMF-67588,NA,30.1,33.6,227
Testudinidae,Testudo_hermanni,USNM-102222,NA,16,19.4,103.1
Testudinidae,Testudo_hermanni,REP-26-MNHN-Pal,NA,20.9,23.8,145.2
Testudinidae,Testudo_hermanni,REP-3-MNHN-Pal,NA,26.5,30.9,183.4
Testudinidae,Testudo_radiata,SMF-7796,NA,37.3,42.2,362
Testudinidae,Testudo_g._daudini,SMF-37072,87,107,113,1046
Testudinidae,Testudo_e._darwini,SMF-30118,NA,NA,NA,712
Testudinidae,Testudo_elephantopus,SMF-32963,57.1,70.6,80.4,601
Testudinidae,Testudo_gigantea,SMF-40167,NA,NA,NA,480
Testudinidae,Testudo_elephantopus,SMF-59466,NA,NA,NA,759
Testudinidae,Testudo_elephantopus,SMF-56824,43.7,58.4,64.1,559
Testudinidae,Testudo_g._elephantia,SMF-7803,NA,NA,NA,719
Testudinidae,Testudo_emys,SMF-68135,46.8,55.3,69.1,423
Testudinidae,Testudo_emys,SMF-70069,43.3,52,60.8,403
Testudinidae,Malacochersus_tornieri,SMF-58702,16.5,20.5,23,164
Testudinidae,Chelonoidis_carbonaria,SMF-70498,NA,NA,30.2,218
Testudinidae,Kinixys_erosa,SMF-40166,25.2,34.3,35.9,256
Testudinidae,Chelonoidis_carbonaria,SMF-7734,29.5,37.1,41.8,292
Testudinidae,Chelonoidis_denticulata,SMF-32987,38.5,48.8,52,361
Testudinidae,Chelonoidis_denticulata,SMF-7744,23.7,31.3,36.2,300
Testudinidae,Testudo_graeca_iberica,SMF-67579,21.3,27.7,30.4,245
Testudinidae,Testudo_graeca_graeca,SMF-70505,18.7,23.2,25.5,183
Testudinidae,Testudo,SMF-37017,50,62.9,72.7,NA
Testudinidae,Testudo_yniphora,SMF-7798,25.4,34.9,38.1,360
Testudinidae,Testudo_tentoria,SMF-57140,12.2,16.3,18.4,134
Testudinidae,Testudo_tentoria,SMF-57142,NA,NA,18.5,136
Testudinidae,Testudo_radiata,SMF-77784,27.3,38.8,43.9,412
Testudinidae,Testudo_radiata,SMF-33676,24.8,33.8,38,NA
Testudinidae,Testudo_radiata,SMF-33675,26.8,35.6,41.1,NA
Testudinidae,Testudo_sulcata,SMF-33002,NA,52.8,59.6,492
Testudinidae,Testudo_sulcata,SMF-33003,42.2,50.5,59.3,431
Testudinidae,Testudo_pardalis,SMF-54002,37,50,58.9,439
Testudinidae,Testudo_hermanni,SMF-7847,21.7,28.1,32.2,249
Testudinidae,Testudo_impressa,SMF-70316,27,36.1,41.4,256
Testudinidae,Testudo_marginata,SMF-50975,27,36.9,39.8,316
Testudinidae,Testudo_sulcata,SMF-33677,47.8,60.9,68.8,NA
Testudinidae,Testudo_marginata,SMF-69736,NA,NA,25.8,194
Testudinidae,Testudo_marginata,SMF-66791,NA,31.1,33.7,260
Testudinidae,Testudo_oculifera,SMF-46265,12.3,16.1,17.8,113
Testudinidae,Testudo_horsfieldii,SMF-54487,16.7,21,24.7,158
Testudinidae,Chersina_angulata,SMF-7857,NA,NA,23.8,157
Testudinidae,Chelonoidis_denticulata,SMF-91644,NA,26,29.7,199
Testudinidae,Chelonoidis_elephantopus,SMF-61531,52.2,72.3,82.5,NA
Testudinidae,Testudo_elongata,SMF-74585,27.6,34.1,39.6,289
Trionychidae,Amyda_gangeticus,SMF-52770,NA,70.8,85.5,381
Trionychidae,Trionyx_triunguis,SMF-36470,NA,60.2,67.5,284
Trionychidae,Trionyx_triunguis,SMF-22811,NA,79.9,83.8,392
Trionychidae,Trionyx_triunguis,SMF-8042,NA,95.8,101.8,382
Trionychidae,Cycloderma_frenatum,SMF-33700,NA,40.9,45.2,198
Trionychidae,Trionyx_triunguis,SMF-8043,NA,56.3,60.3,249
Trionychidae,Trionyx_triunguis,SMF-8044,NA,88.5,93.4,386
Trionychidae,Pelodiscus_sinensis,SMF-69850,NA,29.3,31.9,96
Trionychidae,Chitra_indica,SMF-52768,NA,65.1,66.6,282
Trionychidae,Chitra_indica,SMF-52769,NA,NA,NA,407
Trionychidae,Lissemys_punctata,SMF-68999,NA,31.7,35,142
Trionychidae,Trionyx_ferox_,SMF-105398,NA,48.5,50.4,218
